date,actual,feature_model
2016-05-13 19:00:00,208.33333333333331,195.18958618879935
2016-05-13 20:00:00,120.0,198.83344364530376
2016-05-13 21:00:00,63.333333333333336,115.22174608041863
2016-05-13 22:00:00,55.0,65.98549383559674
2016-05-13 23:00:00,61.66666666666666,51.45404513114805
2016-05-14 00:00:00,58.333333333333336,54.930469991686564
2016-05-14 01:00:00,63.333333333333336,52.564445507164656
2016-05-14 02:00:00,60.0,53.216385595880496
2016-05-14 03:00:00,60.0,51.428942693299
2016-05-14 04:00:00,60.0,61.98408721658008
2016-05-14 05:00:00,56.66666666666666,61.736740792555814
2016-05-14 06:00:00,63.333333333333336,86.56650696271986
2016-05-14 07:00:00,113.33333333333331,136.24797042600403
2016-05-14 08:00:00,133.33333333333334,179.33775031632652
2016-05-14 09:00:00,118.33333333333331,154.10917892698154
2016-05-14 10:00:00,158.33333333333334,131.4422548938048
2016-05-14 11:00:00,96.66666666666669,150.18017924824852
2016-05-14 12:00:00,116.66666666666669,133.6178333031972
2016-05-14 13:00:00,113.33333333333331,146.76945212174198
2016-05-14 14:00:00,106.66666666666669,134.4372051704138
2016-05-14 15:00:00,130.0,106.35683674088021
2016-05-14 16:00:00,111.66666666666669,127.15138494894342
2016-05-14 17:00:00,241.66666666666663,160.49338079294225
2016-05-14 18:00:00,166.66666666666666,208.91033238037738
2016-05-14 19:00:00,90.0,181.89588257064108
2016-05-14 20:00:00,86.66666666666667,116.42365439071561
2016-05-14 21:00:00,75.0,60.148155793776034
2016-05-14 22:00:00,61.66666666666666,54.695201698095374
2016-05-14 23:00:00,48.333333333333336,60.41981277513395
2016-05-15 00:00:00,53.333333333333336,58.546595199864356
2016-05-15 01:00:00,55.0,54.98731081333328
2016-05-15 02:00:00,51.66666666666666,49.234959600615184
2016-05-15 03:00:00,40.0,53.33398915941707
2016-05-15 04:00:00,51.66666666666666,53.56481408972152
2016-05-15 05:00:00,56.66666666666666,58.52581022537462
2016-05-15 06:00:00,51.66666666666666,63.38595155789709
2016-05-15 07:00:00,93.33333333333331,63.9633301271726
2016-05-15 08:00:00,118.33333333333331,151.81109822109534
2016-05-15 09:00:00,101.66666666666669,136.26861112531284
2016-05-15 10:00:00,108.33333333333331,145.40036408649286
2016-05-15 11:00:00,105.0,113.60674645072596
2016-05-15 12:00:00,96.66666666666669,89.98572264947904
2016-05-15 13:00:00,136.66666666666666,83.46381330625674
2016-05-15 14:00:00,88.33333333333333,99.72280278433023
2016-05-15 15:00:00,93.33333333333331,117.92174405042057
2016-05-15 16:00:00,143.33333333333334,154.86707744223236
2016-05-15 17:00:00,236.66666666666663,192.4431431165772
2016-05-15 18:00:00,98.33333333333331,244.7002534765805
2016-05-15 19:00:00,96.66666666666669,148.35267979693919
2016-05-15 20:00:00,246.66666666666663,103.08103461904172
2016-05-15 21:00:00,203.33333333333331,124.234788720092
2016-05-15 22:00:00,86.66666666666667,128.5244515008855
2016-05-15 23:00:00,83.33333333333333,86.87612712232368
2016-05-16 00:00:00,61.66666666666666,71.65451407983132
2016-05-16 01:00:00,53.333333333333336,55.103850369763535
2016-05-16 02:00:00,56.66666666666666,57.39559362306451
2016-05-16 03:00:00,53.333333333333336,55.025330601986404
2016-05-16 04:00:00,55.0,55.16604414041301
2016-05-16 05:00:00,51.66666666666666,62.22078183706718
2016-05-16 06:00:00,53.333333333333336,62.31420198480461
2016-05-16 07:00:00,61.66666666666666,86.25458218747735
2016-05-16 08:00:00,88.33333333333333,96.09053393920573
2016-05-16 09:00:00,70.0,107.53029514804047
2016-05-16 10:00:00,148.33333333333334,134.13103509928249
2016-05-16 11:00:00,103.33333333333331,120.18044754832825
2016-05-16 12:00:00,206.66666666666663,175.55847458223695
2016-05-16 13:00:00,266.6666666666667,121.813284054078
2016-05-16 14:00:00,88.33333333333333,209.10118752331303
2016-05-16 15:00:00,111.66666666666669,181.37986477611616
2016-05-16 16:00:00,88.33333333333333,124.50791911045488
2016-05-16 17:00:00,243.33333333333331,142.8593642029156
2016-05-16 18:00:00,155.0,148.58043542507716
2016-05-16 19:00:00,115.0,127.54173591235809
2016-05-16 20:00:00,96.66666666666669,146.63535277894985
2016-05-16 21:00:00,68.33333333333333,103.97563479325507
2016-05-16 22:00:00,46.66666666666666,86.55211512243557
2016-05-16 23:00:00,60.0,77.56434674962193
2016-05-17 00:00:00,50.0,56.857538200705754
2016-05-17 01:00:00,55.0,53.85785341449923
2016-05-17 02:00:00,51.66666666666666,53.6913041435726
2016-05-17 03:00:00,53.333333333333336,52.82862279185091
2016-05-17 04:00:00,53.333333333333336,53.58165918377507
2016-05-17 05:00:00,58.333333333333336,55.61656952854525
2016-05-17 06:00:00,56.66666666666666,70.88637676747007
2016-05-17 07:00:00,65.0,73.49118174485903
2016-05-17 08:00:00,56.66666666666666,99.47021533260192
2016-05-17 09:00:00,51.66666666666666,66.80961982458857
2016-05-17 10:00:00,53.333333333333336,68.7132237792799
2016-05-17 11:00:00,51.66666666666666,67.45115351650134
2016-05-17 12:00:00,53.333333333333336,60.92853597220618
2016-05-17 13:00:00,41.66666666666666,66.59955861874812
2016-05-17 14:00:00,53.333333333333336,59.057345713057096
2016-05-17 15:00:00,51.66666666666666,59.26826819089395
2016-05-17 16:00:00,66.66666666666667,66.12063817397679
2016-05-17 17:00:00,153.33333333333334,122.66447346980125
2016-05-17 18:00:00,100.0,163.26248223724718
2016-05-17 19:00:00,123.33333333333331,152.8170071407699
2016-05-17 20:00:00,118.33333333333331,92.89658165759056
2016-05-17 21:00:00,65.0,72.74089707545168
2016-05-17 22:00:00,46.66666666666666,56.99353843226551
2016-05-17 23:00:00,55.0,51.22905231248293
2016-05-18 00:00:00,51.66666666666666,55.94097305460391
2016-05-18 01:00:00,53.333333333333336,61.77969498954254
2016-05-18 02:00:00,55.0,52.67673062152396
2016-05-18 03:00:00,51.66666666666666,52.42216665147121
2016-05-18 04:00:00,51.66666666666666,54.217273891236175
2016-05-18 05:00:00,65.0,62.64730152606106
2016-05-18 06:00:00,70.0,67.44061407969129
2016-05-18 07:00:00,53.333333333333336,103.97235409956244
2016-05-18 08:00:00,61.66666666666666,76.20956684858837
2016-05-18 09:00:00,65.0,75.2613530557777
2016-05-18 10:00:00,58.333333333333336,65.51270762310965
2016-05-18 11:00:00,70.0,62.00794471802488
2016-05-18 12:00:00,56.66666666666666,82.17448160618233
2016-05-18 13:00:00,86.66666666666667,61.62109993026825
2016-05-18 14:00:00,81.66666666666667,80.10054114782531
2016-05-18 15:00:00,83.33333333333333,85.35551995442587
2016-05-18 16:00:00,105.0,84.86209949514178
2016-05-18 17:00:00,118.33333333333331,134.71879732402374
2016-05-18 18:00:00,178.33333333333334,167.20953025437333
2016-05-18 19:00:00,143.33333333333334,160.03894688369257
2016-05-18 20:00:00,223.33333333333331,131.32543160636146
2016-05-18 21:00:00,81.66666666666667,97.59294221824892
2016-05-18 22:00:00,51.66666666666666,63.94977873194413
2016-05-18 23:00:00,56.66666666666666,63.65017633183447
2016-05-19 00:00:00,51.66666666666666,53.749304411164815
2016-05-19 01:00:00,51.66666666666666,53.42760257486361
2016-05-19 02:00:00,50.0,54.58400215996376
2016-05-19 03:00:00,51.66666666666666,55.242869291584924
2016-05-19 04:00:00,56.66666666666666,54.81514125401231
2016-05-19 05:00:00,55.0,61.34935160289516
2016-05-19 06:00:00,58.333333333333336,61.43927788405349
2016-05-19 07:00:00,50.0,63.231740575826706
2016-05-19 08:00:00,53.333333333333336,60.66630276120145
2016-05-19 09:00:00,36.66666666666666,53.84188685389681
2016-05-19 10:00:00,55.0,53.65788421922918
2016-05-19 11:00:00,51.66666666666666,51.1759945906005
2016-05-19 12:00:00,55.0,49.369079407157955
2016-05-19 13:00:00,50.0,55.820085537724566
2016-05-19 14:00:00,63.333333333333336,56.16441388549526
2016-05-19 15:00:00,81.66666666666667,85.77888661197538
2016-05-19 16:00:00,90.0,97.61839750513623
2016-05-19 17:00:00,208.33333333333331,144.15798247006668
2016-05-19 18:00:00,120.0,128.8556656358635
2016-05-19 19:00:00,98.33333333333331,134.4394634435729
2016-05-19 20:00:00,118.33333333333331,133.9021701972459
2016-05-19 21:00:00,66.66666666666667,94.81071961652206
2016-05-19 22:00:00,50.0,58.26526795252614
2016-05-19 23:00:00,56.66666666666666,52.39234713746639
2016-05-20 00:00:00,51.66666666666666,53.446071562400554
2016-05-20 01:00:00,51.66666666666666,52.462113558783095
2016-05-20 02:00:00,36.66666666666666,54.0271881374148
2016-05-20 03:00:00,58.333333333333336,51.967448176332105
2016-05-20 04:00:00,51.66666666666666,58.67208184990659
2016-05-20 05:00:00,61.66666666666666,85.19779753191416
2016-05-20 06:00:00,66.66666666666667,100.5687042194692
2016-05-20 07:00:00,80.0,147.88097441075854
2016-05-20 08:00:00,126.66666666666669,225.14330775608178
2016-05-20 09:00:00,73.33333333333333,155.53314081111188
2016-05-20 10:00:00,81.66666666666667,181.9120549508731
2016-05-20 11:00:00,73.33333333333333,223.25645387436347
2016-05-20 12:00:00,71.66666666666667,198.11148098850046
2016-05-20 13:00:00,61.66666666666666,144.6535205361808
2016-05-20 14:00:00,60.0,85.33297889569292
2016-05-20 15:00:00,46.66666666666666,90.12577264597262
2016-05-20 16:00:00,48.333333333333336,76.84510644863468
2016-05-20 17:00:00,75.0,91.76796976930589
2016-05-20 18:00:00,78.33333333333333,183.8138097470839
2016-05-20 19:00:00,65.0,125.61109508175197
2016-05-20 20:00:00,70.0,80.37486320112595
2016-05-20 21:00:00,65.0,76.13897562410914
2016-05-20 22:00:00,53.333333333333336,62.058139708566685
2016-05-20 23:00:00,45.0,62.012655485912795
2016-05-21 00:00:00,48.333333333333336,59.6847679764459
2016-05-21 01:00:00,51.66666666666666,66.2302766605171
2016-05-21 02:00:00,56.66666666666666,61.58084925258186
2016-05-21 03:00:00,48.333333333333336,63.32054712058809
2016-05-21 04:00:00,56.66666666666666,62.938803896803726
2016-05-21 05:00:00,51.66666666666666,59.209527221373776
2016-05-21 06:00:00,60.0,79.42058708106471
2016-05-21 07:00:00,56.66666666666666,100.53283760826669
2016-05-21 08:00:00,208.33333333333331,93.03289249996979
2016-05-21 09:00:00,310.0,189.34490499568025
2016-05-21 10:00:00,383.3333333333333,304.3819295855131
2016-05-21 11:00:00,431.6666666666667,279.7015780577222
2016-05-21 12:00:00,228.33333333333331,299.29016533571917
2016-05-21 13:00:00,343.3333333333333,347.9162169354983
2016-05-21 14:00:00,303.3333333333333,277.20216701760813
2016-05-21 15:00:00,361.6666666666667,208.44103918582655
2016-05-21 16:00:00,100.0,230.2747345425535
2016-05-21 17:00:00,95.0,166.19497345100012
2016-05-21 18:00:00,125.0,185.1112042596102
2016-05-21 19:00:00,108.33333333333331,147.09584735905196
2016-05-21 20:00:00,95.0,113.62746529263244
2016-05-21 21:00:00,135.0,74.57229859515421
2016-05-21 22:00:00,73.33333333333333,82.2956385234366
2016-05-21 23:00:00,148.33333333333334,62.096591228655825
2016-05-22 00:00:00,60.0,78.89734586974126
2016-05-22 01:00:00,56.66666666666666,68.62188263292488
2016-05-22 02:00:00,51.66666666666666,62.68083543291847
2016-05-22 03:00:00,53.333333333333336,64.51037042915664
2016-05-22 04:00:00,55.0,64.69815466635039
2016-05-22 05:00:00,50.0,70.03311782967569
2016-05-22 06:00:00,58.333333333333336,76.18407671660727
2016-05-22 07:00:00,63.333333333333336,87.85372661109335
2016-05-22 08:00:00,190.0,133.52656478320625
2016-05-22 09:00:00,113.33333333333331,184.6036454415536
2016-05-22 10:00:00,201.66666666666663,194.36594213011588
2016-05-22 11:00:00,343.3333333333333,135.43032842194037
2016-05-22 12:00:00,126.66666666666669,176.64688073938424
2016-05-22 13:00:00,103.33333333333331,163.73580186642178
2016-05-22 14:00:00,106.66666666666669,154.16343911244635
2016-05-22 15:00:00,96.66666666666669,138.5804257389771
2016-05-22 16:00:00,88.33333333333333,121.90531176937021
2016-05-22 17:00:00,265.0,137.93158972917269
2016-05-22 18:00:00,120.0,132.17567891091196
2016-05-22 19:00:00,96.66666666666669,137.80195363265904
2016-05-22 20:00:00,116.66666666666669,117.23723133472521
2016-05-22 21:00:00,88.33333333333333,113.54939979950885
2016-05-22 22:00:00,78.33333333333333,83.90841446222565
2016-05-22 23:00:00,60.0,101.26935082656206
2016-05-23 00:00:00,58.333333333333336,66.88575317185835
2016-05-23 01:00:00,51.66666666666666,64.39853830733982
2016-05-23 02:00:00,58.333333333333336,63.75545810052248
2016-05-23 03:00:00,51.66666666666666,62.950102658202816
2016-05-23 04:00:00,50.0,61.96828085319082
2016-05-23 05:00:00,66.66666666666667,69.93867603436973
2016-05-23 06:00:00,60.0,93.00159398694119
2016-05-23 07:00:00,56.66666666666666,88.32237805090186
2016-05-23 08:00:00,51.66666666666666,93.86801351517097
2016-05-23 09:00:00,55.0,104.72772980694344
2016-05-23 10:00:00,51.66666666666666,99.35032302925588
2016-05-23 11:00:00,56.66666666666666,120.39930924769733
2016-05-23 12:00:00,61.66666666666666,77.35033178463746
2016-05-23 13:00:00,56.66666666666666,105.32540319951072
2016-05-23 14:00:00,58.333333333333336,63.69569990175457
2016-05-23 15:00:00,73.33333333333333,65.9902212272461
2016-05-23 16:00:00,156.66666666666666,88.28828375435077
2016-05-23 17:00:00,380.0,190.7585001673247
2016-05-23 18:00:00,123.33333333333331,270.8603158436679
2016-05-23 19:00:00,120.0,122.82662653938957
2016-05-23 20:00:00,105.0,135.9547859430497
2016-05-23 21:00:00,68.33333333333333,92.07250528582952
2016-05-23 22:00:00,63.333333333333336,74.12776388153495
2016-05-23 23:00:00,58.333333333333336,60.271904086193004
2016-05-24 00:00:00,50.0,52.944896412644944
2016-05-24 01:00:00,56.66666666666666,62.480754045633354
2016-05-24 02:00:00,55.0,64.68160674455605
2016-05-24 03:00:00,53.333333333333336,60.56759324072257
2016-05-24 04:00:00,53.333333333333336,64.04282103617884
2016-05-24 05:00:00,106.66666666666669,70.58672309709999
2016-05-24 06:00:00,71.66666666666667,94.28442747929303
2016-05-24 07:00:00,161.66666666666666,169.95711187373897
2016-05-24 08:00:00,56.66666666666666,92.67688553844455
2016-05-24 09:00:00,38.333333333333336,81.85975541566127
2016-05-24 10:00:00,66.66666666666667,52.27380054004439
2016-05-24 11:00:00,101.66666666666669,77.70361014581262
2016-05-24 12:00:00,128.33333333333334,92.65503744995812
2016-05-24 13:00:00,118.33333333333331,95.40552516900767
2016-05-24 14:00:00,150.0,102.41200003184896
2016-05-24 15:00:00,141.66666666666666,146.8461354672216
2016-05-24 16:00:00,141.66666666666666,166.87759505303782
2016-05-24 17:00:00,203.33333333333331,230.6449437763938
2016-05-24 18:00:00,136.66666666666666,199.46203427287418
2016-05-24 19:00:00,123.33333333333331,136.37470520039824
2016-05-24 20:00:00,96.66666666666669,121.09217681047697
2016-05-24 21:00:00,76.66666666666667,95.41641665252894
2016-05-24 22:00:00,61.66666666666666,75.09238680011752
2016-05-24 23:00:00,58.333333333333336,59.55849710741973
2016-05-25 00:00:00,53.333333333333336,57.88045442270144
2016-05-25 01:00:00,53.333333333333336,58.241617550931224
2016-05-25 02:00:00,56.66666666666666,58.4172213244878
2016-05-25 03:00:00,48.333333333333336,58.27854332428254
2016-05-25 04:00:00,55.0,55.94622389235403
2016-05-25 05:00:00,55.0,80.29096740314033
2016-05-25 06:00:00,55.0,71.77623084243379
2016-05-25 07:00:00,65.0,83.67357414158636
2016-05-25 08:00:00,83.33333333333333,93.57221520229528
2016-05-25 09:00:00,90.0,120.74957639661945
2016-05-25 10:00:00,78.33333333333333,92.35585206972938
2016-05-25 11:00:00,50.0,88.18506746153612
2016-05-25 12:00:00,60.0,69.40067357832568
2016-05-25 13:00:00,71.66666666666667,67.83724481665452
2016-05-25 14:00:00,80.0,84.56764576301441
2016-05-25 15:00:00,80.0,85.19551957499785
2016-05-25 16:00:00,231.66666666666663,94.36921294207883
2016-05-25 17:00:00,118.33333333333331,148.36241736542698
2016-05-25 18:00:00,156.66666666666666,172.59783450530946
2016-05-25 19:00:00,118.33333333333331,104.96481780294384
2016-05-25 20:00:00,190.0,91.66157675459354
2016-05-25 21:00:00,56.66666666666666,93.84688062777774
2016-05-25 22:00:00,53.333333333333336,42.45213937955701
2016-05-25 23:00:00,53.333333333333336,47.84953715931978
2016-05-26 00:00:00,53.333333333333336,53.615695831248956
2016-05-26 01:00:00,55.0,53.15246030259709
2016-05-26 02:00:00,50.0,50.33147867669463
2016-05-26 03:00:00,56.66666666666666,48.19817647088118
2016-05-26 04:00:00,50.0,53.65022568260379
2016-05-26 05:00:00,56.66666666666666,60.545910408713596
2016-05-26 06:00:00,61.66666666666666,59.12787808130136
2016-05-26 07:00:00,100.0,80.51270550171155
2016-05-26 08:00:00,156.66666666666666,103.39700382024127
2016-05-26 09:00:00,276.6666666666667,94.83180942848827
2016-05-26 10:00:00,265.0,184.76264554044147
2016-05-26 11:00:00,243.33333333333331,157.98709939486793
2016-05-26 12:00:00,221.66666666666663,172.39023539572
2016-05-26 13:00:00,75.0,149.27125000207434
2016-05-26 14:00:00,68.33333333333333,146.9249427126286
2016-05-26 15:00:00,61.66666666666666,94.70164791226212
2016-05-26 16:00:00,495.0,111.94718992208537
2016-05-26 17:00:00,440.0,222.97681958690964
2016-05-26 18:00:00,215.0,237.9540009658655
2016-05-26 19:00:00,223.33333333333331,238.57565383930165
2016-05-26 20:00:00,91.66666666666669,226.92990448259533
2016-05-26 21:00:00,76.66666666666667,93.25293164315401
2016-05-26 22:00:00,70.0,84.98171238807909
2016-05-26 23:00:00,65.0,70.93565386910831
2016-05-27 00:00:00,60.0,57.278243661580326
2016-05-27 01:00:00,58.333333333333336,55.15505300612434
2016-05-27 02:00:00,50.0,52.617430374775324
2016-05-27 03:00:00,58.333333333333336,54.75816261127375
2016-05-27 04:00:00,58.333333333333336,53.76217519393898
2016-05-27 05:00:00,58.333333333333336,58.56476762380262
2016-05-27 06:00:00,63.333333333333336,69.94483170557285
2016-05-27 07:00:00,111.66666666666669,111.40818465946468
2016-05-27 08:00:00,130.0,140.12097785460296
2016-05-27 09:00:00,251.66666666666663,161.83572968304526
2016-05-27 10:00:00,251.66666666666663,178.10638985177775
2016-05-27 11:00:00,310.0,179.04390843113623
2016-05-27 12:00:00,185.0,154.85977880443465
2016-05-27 13:00:00,265.0,155.75385474755623
2016-05-27 14:00:00,101.66666666666669,160.4921127705481
2016-05-27 15:00:00,76.66666666666667,159.5970963849996
2016-05-27 16:00:00,135.0,99.29562530124421
2016-05-27 17:00:00,180.0,153.78630682409516
2016-05-27 18:00:00,430.0,190.82780545694766
